{"count":1,"self":31028.9465344,"total":48232.9375388,"children":{"InitializeActuators":{"count":1,"self":0.0016742999999999999,"total":0.0016742999999999999,"children":null},"InitializeSensors":{"count":1,"self":0.0025101,"total":0.0025101,"children":null},"AgentSendState":{"count":1824035,"self":916.14883839999993,"total":1030.8617973,"children":{"CollectObservations":{"count":1824035,"self":6.6928224,"total":6.6928225,"children":null},"WriteActionMask":{"count":1824035,"self":3.0103972,"total":3.0103971,"children":null},"RequestDecision":{"count":1824035,"self":12.3703872,"total":105.0097107,"children":{"AgentInfo.ToProto":{"count":1824035,"self":10.7596384,"total":92.6393233,"children":{"GenerateSensorData":{"count":1824035,"self":71.30062079999999,"total":81.87968459999999,"children":{"RayPerceptionSensor.Perceive":{"count":1824035,"self":10.579063999999999,"total":10.5790644,"children":null}}}}}}}}},"DecideAction":{"count":1824035,"self":16167.6558336,"total":16167.655776099999,"children":null},"AgentAct":{"count":1824035,"self":4.6812423999999995,"total":4.6812423,"children":null},"AgentInfo.ToProto":{"count":13099,"self":0.1344266,"total":0.7859883,"children":{"GenerateSensorData":{"count":13099,"self":0.56003439999999993,"total":0.6515617,"children":{"RayPerceptionSensor.Perceive":{"count":13099,"self":0.091527299999999992,"total":0.091527299999999992,"children":null}}}}}},"gauges":{"CharacterBehav.CumulativeReward":{"count":13099,"max":185.166046,"min":1.6958971,"runningAverage":20.82857,"value":15.79406,"weightedAverage":18.6727}},"metadata":{"timer_format_version":"0.1.0","start_time_seconds":"1641916792","unity_version":"2020.3.20f1","command_line_arguments":"C:\\Program Files\\Unity\\Hub\\Editor\\2020.3.20f1\\Editor\\Unity.exe -projectpath C:\/Users\/ema-b\/Documents\/Unity\/RR-RL -useHub -hubIPC -cloudEnvironment production -hubSessionId 9496f0a0-71fc-11ec-9a54-27c83da0d16b -accessToken GlbmToj1YH40CJL1EPduCFO5SJnZXaw9Sr4y6zVY3BI006f","communication_protocol_version":"1.5.0","com.unity.ml-agents_version":"2.0.1","scene_name":"Play","end_time_seconds":"1641965025"}}