{"count":1,"self":9.0878944,"total":9.199717999999999,"children":{"InitializeActuators":{"count":1,"self":0.0020028999999999997,"total":0.0020028999999999997,"children":null},"InitializeSensors":{"count":1,"self":0.0040025999999999994,"total":0.0040025999999999994,"children":null},"AgentSendState":{"count":263,"self":0.090382999999999991,"total":0.0998087,"children":{"CollectObservations":{"count":263,"self":0.0030036,"total":0.0030036,"children":null},"WriteActionMask":{"count":263,"self":0.0009855,"total":0.0009855,"children":null},"RequestDecision":{"count":263,"self":0.0029318,"total":0.0054366,"children":{"RayPerceptionSensor.Perceive":{"count":263,"self":0.0025047999999999997,"total":0.0025047999999999997,"children":null}}}}},"DecideAction":{"count":263,"self":0.0030066999999999997,"total":0.0030066999999999997,"children":null},"AgentAct":{"count":263,"self":0.0020022,"total":0.0020022,"children":null}},"gauges":{},"metadata":{"timer_format_version":"0.1.0","start_time_seconds":"1638353788","unity_version":"2020.3.20f1","command_line_arguments":"C:\\Program Files\\Unity\\Hub\\Editor\\2020.3.20f1\\Editor\\Unity.exe -projectpath C:\/Users\/ema-b\/Documents\/Unity\/RR-RL -useHub -hubIPC -cloudEnvironment production -hubSessionId 1306bb00-51c8-11ec-9a45-dd33ad4cc6d2 -accessToken hQHt_Ht2GlcVj95jfyvTu2pYXdsHkLFa0X1rL_pO14w006f","communication_protocol_version":"1.5.0","com.unity.ml-agents_version":"2.0.1","scene_name":"Play","end_time_seconds":"1638353797"}}